CREATE TABLE t1 (a INT, b INT);
INSERT INTO t1 VALUES (1,1),(1,2),(1,3),(1,4),(1,5),(1,6),(1,7),(1,8);
INSERT INTO t1 SELECT a, b+8       FROM t1;
INSERT INTO t1 SELECT a, b+16      FROM t1;
INSERT INTO t1 SELECT a, b+32      FROM t1;
INSERT INTO t1 SELECT a, b+64      FROM t1;
INSERT INTO t1 SELECT a, b+128     FROM t1;
INSERT INTO t1 SELECT a, b+256     FROM t1;
INSERT INTO t1 SELECT a, b+512     FROM t1;
INSERT INTO t1 SELECT a, b+1024    FROM t1;
INSERT INTO t1 SELECT a, b+2048    FROM t1;
INSERT INTO t1 SELECT a, b+4096    FROM t1;
INSERT INTO t1 SELECT a, b+8192    FROM t1;
INSERT INTO t1 SELECT a, b+16384   FROM t1;
INSERT INTO t1 SELECT a, b+32768   FROM t1;
SELECT a,COUNT(DISTINCT b) AS cnt FROM t1 GROUP BY a HAVING cnt > 50;
SQL syntax error: column "cnt" must appear in the GROUP BY clause or be used in an aggregate function
SELECT DISTINCT a, SUM( b) AS sumation FROM t1 GROUP BY a HAVING sumation > 50;
SQL syntax error: column "sumation" must appear in the GROUP BY clause or be used in an aggregate function
SELECT DISTINCT a, AVG( b) AS average FROM t1 GROUP BY a HAVING average > 50;
SQL syntax error: column "average" must appear in the GROUP BY clause or be used in an aggregate function
SELECT a,COUNT(DISTINCT b) FROM t1 GROUP BY a HAVING COUNT(DISTINCT b) > 50;
a	COUNT(DISTINCT b)
1	65536
select mo_ctl('dn', 'flush', 'db.t1');
SELECT DISTINCT a, SUM( b) FROM t1 GROUP BY a HAVING SUM( b) > 50;
a	SUM( b)
1	2147516416
SELECT DISTINCT a, AVG( b) FROM t1 GROUP BY a HAVING AVG( b) > 50;
a	AVG( b)
1	32768.5000
SELECT DISTINCT a, SUM( b) FROM t1 GROUP BY a HAVING SUM( b) > 50;
a	SUM( b)
1	2147516416
DROP TABLE t1;